{
  "total_time": 52826.34973526001,
  "total_average_time": 19.20958172191273,
  "groups": {
    "0": {
      "total_time": 22821.62618637085,
      "average_time": 17.718653871405937
    },
    "1": {
      "total_time": 15645.12324333191,
      "average_time": 22.004392747302262
    },
    "2": {
      "total_time": 5199.629068374634,
      "average_time": 18.90774206681685
    },
    "3": {
      "total_time": 6038.561820983887,
      "average_time": 21.04028509053619
    },
    "4": {
      "total_time": 3121.4094161987305,
      "average_time": 16.51539373650122
    }
  }
}