{
  "total_time": 44362.210512161255,
  "total_average_time": 17.562236940681416,
  "groups": {
    "0": {
      "total_time": 34332.48496055603,
      "average_time": 17.174829895225628
    },
    "1": {
      "total_time": 6782.996416091919,
      "average_time": 17.128778828514946
    },
    "2": {
      "total_time": 2364.8979663848877,
      "average_time": 28.492746582950453
    },
    "3": {
      "total_time": 894.0517902374268,
      "average_time": 19.02237851568993
    },
    "4": {
      "total_time": -12.220621109008789,
      "average_time": -12.220621109008789
    }
  }
}