{
  "total_time": 938496.8566894531,
  "total_average_time": 127.84318985008215,
  "groups": {
    "0": {
      "total_time": 21856.89091682434,
      "average_time": 17.598140834802205
    },
    "1": {
      "total_time": -10.162830352783203,
      "average_time": -5.081415176391602
    },
    "2": {
      "total_time": 16.861438751220703,
      "average_time": 8.430719375610352
    },
    "3": {
      "total_time": 783963.9160633087,
      "average_time": 1704.2693827463233
    },
    "4": {
      "total_time": 132669.35110092163,
      "average_time": 23.543806761476777
    }
  }
}