{
  "total_time": 34149.261713027954,
  "total_average_time": 16.91394834721543,
  "groups": {
    "0": {
      "total_time": 25194.019079208374,
      "average_time": 16.62971556383391
    },
    "1": {
      "total_time": -16.828536987304688,
      "average_time": -5.6095123291015625
    },
    "2": {
      "total_time": 4204.068660736084,
      "average_time": 20.211868561231174
    },
    "3": {
      "total_time": 2946.641206741333,
      "average_time": 14.587332706640263
    },
    "4": {
      "total_time": 1821.3613033294678,
      "average_time": 20.0149593772469
    }
  }
}