{
  "total_time": 41598.91128540039,
  "total_average_time": 18.90859603881836,
  "groups": {
    "0": {
      "total_time": 34067.08478927612,
      "average_time": 17.43453673965001
    },
    "1": {
      "total_time": 7522.688627243042,
      "average_time": 32.01144096699167
    },
    "2": {
      "total_time": -0.0035762786865234375,
      "average_time": -0.0011920928955078125
    },
    "3": {
      "total_time": 9.006261825561523,
      "average_time": 1.2866088322230749
    },
    "4": {
      "total_time": 0.13518333435058594,
      "average_time": 0.13518333435058594
    }
  }
}