{
  "total_time": 59540.53235054016,
  "total_average_time": 20.142263988680703,
  "groups": {
    "0": {
      "total_time": 0,
      "average_time": 0
    },
    "1": {
      "total_time": 39647.09401130676,
      "average_time": 17.290490192458247
    },
    "2": {
      "total_time": 7804.927349090576,
      "average_time": 33.21245680464075
    },
    "3": {
      "total_time": 8382.767677307129,
      "average_time": 28.13009287686956
    },
    "4": {
      "total_time": 3705.7433128356934,
      "average_time": 28.505717791043796
    }
  }
}