{
  "total_time": 70562.44730949402,
  "total_average_time": 19.35869610685707,
  "groups": {
    "0": {
      "total_time": 24329.833984375,
      "average_time": 17.579359815299856
    },
    "1": {
      "total_time": 3469.8076248168945,
      "average_time": 30.172240215799082
    },
    "2": {
      "total_time": 17552.327394485474,
      "average_time": 18.59356715517529
    },
    "3": {
      "total_time": 17029.664993286133,
      "average_time": 22.202953055131854
    },
    "4": {
      "total_time": 8180.813312530518,
      "average_time": 18.806467385127625
    }
  }
}