{
  "total_time": 66929.18586730957,
  "total_average_time": 21.65292328285654,
  "groups": {
    "0": {
      "total_time": 12046.951293945312,
      "average_time": 16.685528107957495
    },
    "1": {
      "total_time": 37032.79757499695,
      "average_time": 23.48306758084778
    },
    "2": {
      "total_time": 17338.823795318604,
      "average_time": 22.81424183594553
    },
    "3": {
      "total_time": 524.6036052703857,
      "average_time": 18.08977949208227
    },
    "4": {
      "total_time": -13.990402221679688,
      "average_time": -4.6634674072265625
    }
  }
}