{
  "total_time": 848520.3320980072,
  "total_average_time": 24.988818827247236,
  "groups": {
    "0": {
      "total_time": 45551.97548866272,
      "average_time": 18.184421352759568
    },
    "1": {
      "total_time": 16815.67430496216,
      "average_time": 23.45282329841305
    },
    "2": {
      "total_time": 508281.75258636475,
      "average_time": 24.16362027983669
    },
    "3": {
      "total_time": 200085.41822433472,
      "average_time": 33.25887935909819
    },
    "4": {
      "total_time": 77785.51149368286,
      "average_time": 21.12014974034289
    }
  }
}