{
  "total_time": 119958.51588249207,
  "total_average_time": 19.37314532985983,
  "groups": {
    "0": {
      "total_time": 35784.775257110596,
      "average_time": 16.75317193684953
    },
    "1": {
      "total_time": 9152.499437332153,
      "average_time": 16.550631893909863
    },
    "2": {
      "total_time": 53041.56255722046,
      "average_time": 20.04594200953154
    },
    "3": {
      "total_time": 18426.41282081604,
      "average_time": 25.20713108182769
    },
    "4": {
      "total_time": 3553.2658100128174,
      "average_time": 28.200522301689027
    }
  }
}