{
  "total_time": 680197.4217891693,
  "total_average_time": 19.738180023480727,
  "groups": {
    "0": {
      "total_time": 41082.93628692627,
      "average_time": 23.802396458242335
    },
    "1": {
      "total_time": 61535.834312438965,
      "average_time": 19.06905308721381
    },
    "2": {
      "total_time": 2005.4347515106201,
      "average_time": 14.745843761107501
    },
    "3": {
      "total_time": 30999.292850494385,
      "average_time": 19.326242425495252
    },
    "4": {
      "total_time": 544573.9235877991,
      "average_time": 19.611564519871763
    }
  }
}