{
  "total_time": 81591.37964248657,
  "total_average_time": 21.203580988172185,
  "groups": {
    "0": {
      "total_time": 26695.439338684082,
      "average_time": 17.539710472197164
    },
    "1": {
      "total_time": 29222.707748413086,
      "average_time": 21.471497243507045
    },
    "2": {
      "total_time": 4351.093530654907,
      "average_time": 25.74611556600537
    },
    "3": {
      "total_time": 8295.239686965942,
      "average_time": 26.93259638625306
    },
    "4": {
      "total_time": 13026.899337768555,
      "average_time": 26.694465856083102
    }
  }
}