{
  "total_time": 73535.31217575073,
  "total_average_time": 16.96316313166107,
  "groups": {
    "0": {
      "total_time": 0,
      "average_time": 0
    },
    "1": {
      "total_time": 21377.244472503662,
      "average_time": 17.033660934265868
    },
    "2": {
      "total_time": 258.98194313049316,
      "average_time": 23.543813011863016
    },
    "3": {
      "total_time": 35152.17661857605,
      "average_time": 16.659799345296705
    },
    "4": {
      "total_time": 16746.909141540527,
      "average_time": 17.462887530282092
    }
  }
}