{
  "total_time": 651085.2427482605,
  "total_average_time": 18.25557949665668,
  "groups": {
    "0": {
      "total_time": 43805.75466156006,
      "average_time": 24.202074398651966
    },
    "1": {
      "total_time": 212454.98633384705,
      "average_time": 19.579300187434065
    },
    "2": {
      "total_time": 366997.55454063416,
      "average_time": 16.75558391730056
    },
    "3": {
      "total_time": 11.359691619873047,
      "average_time": 11.359691619873047
    },
    "4": {
      "total_time": 27815.587520599365,
      "average_time": 25.286897745999422
    }
  }
}