{
  "total_time": 36341.779470443726,
  "total_average_time": 16.966283599646932,
  "groups": {
    "0": {
      "total_time": 29935.676336288452,
      "average_time": 17.214304966238327
    },
    "1": {
      "total_time": -4.729509353637695,
      "average_time": -1.5765031178792317
    },
    "2": {
      "total_time": -1.760244369506836,
      "average_time": -0.880122184753418
    },
    "3": {
      "total_time": -4.956483840942383,
      "average_time": -1.2391209602355957
    },
    "4": {
      "total_time": 6417.54937171936,
      "average_time": 16.288196374922233
    }
  }
}