{
  "total_time": 3363.7657165527344,
  "total_average_time": 16.818828582763672,
  "groups": {
    "0": {
      "total_time": 31.91661834716797,
      "average_time": 15.958309173583984
    },
    "1": {
      "total_time": 15.966176986694336,
      "average_time": 15.966176986694336
    },
    "2": {
      "total_time": 14.949798583984375,
      "average_time": 14.949798583984375
    },
    "3": {
      "total_time": 30.916929244995117,
      "average_time": 15.458464622497559
    },
    "4": {
      "total_time": 3270.0161933898926,
      "average_time": 16.855753574174702
    }
  }
}