{
  "total_time": 57392.5895690918,
  "total_average_time": 19.415625699963396,
  "groups": {
    "0": {
      "total_time": 0,
      "average_time": 0
    },
    "1": {
      "total_time": 39434.32521820068,
      "average_time": 17.197699615438587
    },
    "2": {
      "total_time": 7145.197629928589,
      "average_time": 30.405096297568463
    },
    "3": {
      "total_time": 3244.652509689331,
      "average_time": 24.9588654591487
    },
    "4": {
      "total_time": 7568.414211273193,
      "average_time": 25.39736312507783
    }
  }
}