{
  "total_time": 381771.1491584778,
  "total_average_time": 18.541580823626894,
  "groups": {
    "0": {
      "total_time": 44816.1985874176,
      "average_time": 17.706913705024736
    },
    "1": {
      "total_time": 10712.321758270264,
      "average_time": 20.963447667847873
    },
    "2": {
      "total_time": 57854.03895378113,
      "average_time": 17.839666652414778
    },
    "3": {
      "total_time": 240017.09032058716,
      "average_time": 18.94373246413474
    },
    "4": {
      "total_time": 28371.49953842163,
      "average_time": 17.352599106068276
    }
  }
}