{
  "total_time": 220225.99053382874,
  "total_average_time": 17.913290266294837,
  "groups": {
    "0": {
      "total_time": 28306.91432952881,
      "average_time": 17.57102068872055
    },
    "1": {
      "total_time": 7048.0194091796875,
      "average_time": 29.86448902194783
    },
    "2": {
      "total_time": -9.588956832885742,
      "average_time": -4.794478416442871
    },
    "3": {
      "total_time": 10462.18991279602,
      "average_time": 22.025662974307412
    },
    "4": {
      "total_time": 64986.37771606445,
      "average_time": 16.92794418235594
    }
  }
}