{
  "total_time": 70103.11508178711,
  "total_average_time": 25.36292152018347,
  "groups": {
    "0": {
      "total_time": 0,
      "average_time": 0
    },
    "1": {
      "total_time": 39312.7601146698,
      "average_time": 19.685908920715974
    },
    "2": {
      "total_time": 13326.707363128662,
      "average_time": 55.29754092584507
    },
    "3": {
      "total_time": 11810.033559799194,
      "average_time": 45.24917072719998
    },
    "4": {
      "total_time": 5653.614044189453,
      "average_time": 21.334392619582843
    }
  }
}