{
  "total_time": 54495.53203582764,
  "total_average_time": 19.511468684506852,
  "groups": {
    "0": {
      "total_time": 21468.36233139038,
      "average_time": 17.66943401760525
    },
    "1": {
      "total_time": 10229.008436203003,
      "average_time": 24.707749845900974
    },
    "2": {
      "total_time": -13.803958892822266,
      "average_time": -6.901979446411133
    },
    "3": {
      "total_time": 22844.008922576904,
      "average_time": 19.727123421914424
    },
    "4": {
      "total_time": -32.0436954498291,
      "average_time": -8.010923862457275
    }
  }
}