{
  "total_time": 80178.64966392517,
  "total_average_time": 20.896181825364913,
  "groups": {
    "0": {
      "total_time": 38292.40608215332,
      "average_time": 18.606611312999668
    },
    "1": {
      "total_time": 27802.92797088623,
      "average_time": 20.671321911439577
    },
    "2": {
      "total_time": -3.6830902099609375,
      "average_time": -3.6830902099609375
    },
    "3": {
      "total_time": 0.7312297821044922,
      "average_time": 0.2437432607014974
    },
    "4": {
      "total_time": 14086.267471313477,
      "average_time": 32.758761561194135
    }
  }
}