{
  "total_time": 298885.67781448364,
  "total_average_time": 20.450610866540107,
  "groups": {
    "0": {
      "total_time": 37123.130559921265,
      "average_time": 16.943464427166255
    },
    "1": {
      "total_time": 11570.927143096924,
      "average_time": 21.348574064754473
    },
    "2": {
      "total_time": 130940.01197814941,
      "average_time": 20.452985313675324
    },
    "3": {
      "total_time": 40990.15402793884,
      "average_time": 21.260453333993176
    },
    "4": {
      "total_time": 78261.4541053772,
      "average_time": 22.03306703417151
    }
  }
}