{
  "total_time": 465903.38253974915,
  "total_average_time": 21.699193448826286,
  "groups": {
    "0": {
      "total_time": 49229.91061210632,
      "average_time": 17.291854798772857
    },
    "1": {
      "total_time": 23639.04881477356,
      "average_time": 29.960771628356856
    },
    "2": {
      "total_time": 19526.599645614624,
      "average_time": 18.667877290262545
    },
    "3": {
      "total_time": 65764.92595672607,
      "average_time": 27.737210441470296
    },
    "4": {
      "total_time": 307742.89751052856,
      "average_time": 21.344354106708874
    }
  }
}