{
  "total_time": 3351880.4795742035,
  "total_average_time": 141.80051102353005,
  "groups": {
    "0": {
      "total_time": 413391.3085460663,
      "average_time": 295.7019374435381
    },
    "1": {
      "total_time": 2592622.980117798,
      "average_time": 981.3107419068122
    },
    "2": {
      "total_time": 4894.646406173706,
      "average_time": 27.96940803527832
    },
    "3": {
      "total_time": 2449.4223594665527,
      "average_time": 28.15427999386842
    },
    "4": {
      "total_time": 44250.27918815613,
      "average_time": 17.09164897186409
    }
  }
}