{
  "total_time": 1675306.7319393158,
  "total_average_time": 469.53664011752124,
  "groups": {
    "0": {
      "total_time": 1665391.4504051208,
      "average_time": 514.0097069151608
    },
    "1": {
      "total_time": -4.221439361572266,
      "average_time": -4.221439361572266
    },
    "2": {
      "total_time": 20.94101905822754,
      "average_time": 20.94101905822754
    },
    "3": {
      "total_time": 30.91740608215332,
      "average_time": 30.91740608215332
    },
    "4": {
      "total_time": 9867.644548416138,
      "average_time": 30.36198322589581
    }
  }
}