{
  "total_time": 47539.939641952515,
  "total_average_time": 17.063869218216983,
  "groups": {
    "0": {
      "total_time": 24732.887506484985,
      "average_time": 17.34424088813814
    },
    "1": {
      "total_time": 6140.293121337891,
      "average_time": 17.10388056082978
    },
    "2": {
      "total_time": 14812.822341918945,
      "average_time": 16.699912448612114
    },
    "3": {
      "total_time": 1742.5241470336914,
      "average_time": 16.917710165375645
    },
    "4": {
      "total_time": 111.41252517700195,
      "average_time": 10.128411379727451
    }
  }
}