{
  "total_time": 181191.6151046753,
  "total_average_time": 19.44324660421454,
  "groups": {
    "0": {
      "total_time": 61261.282444000244,
      "average_time": 18.33072484859373
    },
    "1": {
      "total_time": 59424.668312072754,
      "average_time": 21.67992276981859
    },
    "2": {
      "total_time": 45716.28427505493,
      "average_time": 19.36310219189112
    },
    "3": {
      "total_time": 14813.265323638916,
      "average_time": 17.144983013470966
    },
    "4": {
      "total_time": -23.885250091552734,
      "average_time": -2.1713863719593394
    }
  }
}