{
  "total_time": 224825.62446594238,
  "total_average_time": 20.681227528832892,
  "groups": {
    "0": {
      "total_time": 102025.4135131836,
      "average_time": 21.29077911376953
    },
    "1": {
      "total_time": 6.970882415771484,
      "average_time": 1.161813735961914
    },
    "2": {
      "total_time": 20305.02486228943,
      "average_time": 23.720823437254005
    },
    "3": {
      "total_time": 23502.773761749268,
      "average_time": 25.326264829471192
    },
    "4": {
      "total_time": 78985.44144630432,
      "average_time": 18.41581754402059
    }
  }
}