{
  "total_time": 700618.3247566223,
  "total_average_time": 19.04216358428566,
  "groups": {
    "0": {
      "total_time": 20683.563709259033,
      "average_time": 18.617069045237653
    },
    "1": {
      "total_time": 69910.78066825867,
      "average_time": 22.4649038137078
    },
    "2": {
      "total_time": 78103.05786132812,
      "average_time": 19.62388388475581
    },
    "3": {
      "total_time": 43967.88311004639,
      "average_time": 18.45064335293596
    },
    "4": {
      "total_time": 487953.0394077301,
      "average_time": 18.619187217450683
    }
  }
}