{
  "total_time": 75859.40337181091,
  "total_average_time": 17.728301792898087,
  "groups": {
    "0": {
      "total_time": 0,
      "average_time": 0
    },
    "1": {
      "total_time": 21007.85732269287,
      "average_time": 16.739328543978385
    },
    "2": {
      "total_time": 36075.67286491394,
      "average_time": 18.12847882658992
    },
    "3": {
      "total_time": 273.8676071166992,
      "average_time": 24.897055192427203
    },
    "4": {
      "total_time": 18502.005577087402,
      "average_time": 18.086026957074683
    }
  }
}