{
  "total_time": 268158.5235595703,
  "total_average_time": 19.31143047382762,
  "groups": {
    "0": {
      "total_time": 44663.0003452301,
      "average_time": 17.68831696840796
    },
    "1": {
      "total_time": 8601.029396057129,
      "average_time": 25.222960105739382
    },
    "2": {
      "total_time": 25806.82897567749,
      "average_time": 18.486267174554076
    },
    "3": {
      "total_time": 135497.60723114014,
      "average_time": 18.442576184992532
    },
    "4": {
      "total_time": 53590.057611465454,
      "average_time": 23.535378836831555
    }
  }
}