{
  "total_time": 63754.18543815613,
  "total_average_time": 21.329603692926106,
  "groups": {
    "0": {
      "total_time": 22721.264839172363,
      "average_time": 17.586118296573037
    },
    "1": {
      "total_time": 17301.58019065857,
      "average_time": 32.399962903855
    },
    "2": {
      "total_time": 14796.194553375244,
      "average_time": 16.681166351043117
    },
    "3": {
      "total_time": -3.0007362365722656,
      "average_time": -3.0007362365722656
    },
    "4": {
      "total_time": 8938.146591186523,
      "average_time": 32.502351240678266
    }
  }
}