{
  "total_time": 189001.26266479492,
  "total_average_time": 26.646167018862954,
  "groups": {
    "0": {
      "total_time": 51569.28992271423,
      "average_time": 19.365110748296747
    },
    "1": {
      "total_time": 24295.59636116028,
      "average_time": 22.269107572099248
    },
    "2": {
      "total_time": 7913.687229156494,
      "average_time": 23.48275142182936
    },
    "3": {
      "total_time": 15210.40415763855,
      "average_time": 65.56208688637307
    },
    "4": {
      "total_time": 90012.28499412537,
      "average_time": 32.495409745171614
    }
  }
}