{
  "total_time": 113442.7764415741,
  "total_average_time": 19.292989190743896,
  "groups": {
    "0": {
      "total_time": 27604.945182800293,
      "average_time": 17.416369200504917
    },
    "1": {
      "total_time": 12585.065603256226,
      "average_time": 23.880579892326804
    },
    "2": {
      "total_time": 26652.82702445984,
      "average_time": 21.704256534576416
    },
    "3": {
      "total_time": 26397.067070007324,
      "average_time": 19.21183920670111
    },
    "4": {
      "total_time": 20202.871561050415,
      "average_time": 17.326647994039806
    }
  }
}