{
  "total_time": 9748.34132194519,
  "total_average_time": 18.35845823341844,
  "groups": {
    "0": {
      "total_time": 0,
      "average_time": 0
    },
    "1": {
      "total_time": 7306.967735290527,
      "average_time": 16.91427716502437
    },
    "2": {
      "total_time": 1543.1709289550781,
      "average_time": 29.116432621793926
    },
    "3": {
      "total_time": 818.4845447540283,
      "average_time": 25.577642023563385
    },
    "4": {
      "total_time": 79.71811294555664,
      "average_time": 5.694150924682617
    }
  }
}