{
  "total_time": 137426.33366584778,
  "total_average_time": 20.073960512101632,
  "groups": {
    "0": {
      "total_time": 0,
      "average_time": 0
    },
    "1": {
      "total_time": 19832.414627075195,
      "average_time": 17.42742937352829
    },
    "2": {
      "total_time": 10048.068284988403,
      "average_time": 18.17010539780905
    },
    "3": {
      "total_time": 14291.458368301392,
      "average_time": 21.986859028155987
    },
    "4": {
      "total_time": 93254.39238548279,
      "average_time": 20.700198087787523
    }
  }
}