{
  "total_time": 187546.15378379822,
  "total_average_time": 25.54428681337486,
  "groups": {
    "0": {
      "total_time": 0,
      "average_time": 0
    },
    "1": {
      "total_time": 72516.74246788025,
      "average_time": 33.90217039171587
    },
    "2": {
      "total_time": 7971.094608306885,
      "average_time": 33.351860285802864
    },
    "3": {
      "total_time": 42287.64319419861,
      "average_time": 28.154223165245412
    },
    "4": {
      "total_time": 64770.673513412476,
      "average_time": 18.70903336609257
    }
  }
}