{
  "total_time": 277891.6292190552,
  "total_average_time": 20.88468579731363,
  "groups": {
    "0": {
      "total_time": 26061.048984527588,
      "average_time": 17.350898125517702
    },
    "1": {
      "total_time": 81693.76707077026,
      "average_time": 28.82631159871922
    },
    "2": {
      "total_time": 0,
      "average_time": 0
    },
    "3": {
      "total_time": 106105.31759262085,
      "average_time": 18.79300701250812
    },
    "4": {
      "total_time": 64031.495571136475,
      "average_time": 19.263386152568135
    }
  }
}