{
  "total_time": 354977.61154174805,
  "total_average_time": 22.110097262021057,
  "groups": {
    "0": {
      "total_time": 30745.686531066895,
      "average_time": 17.033621346851465
    },
    "1": {
      "total_time": -7.5473785400390625,
      "average_time": -7.5473785400390625
    },
    "2": {
      "total_time": 0,
      "average_time": 0
    },
    "3": {
      "total_time": 0,
      "average_time": 0
    },
    "4": {
      "total_time": 2594.9602127075195,
      "average_time": 25.19378847288854
    }
  }
}