{
  "total_time": 362216.55201911926,
  "total_average_time": 24.680877079525708,
  "groups": {
    "0": {
      "total_time": 39145.30086517334,
      "average_time": 20.50565786546534
    },
    "1": {
      "total_time": 143270.12515068054,
      "average_time": 24.990428248854098
    },
    "2": {
      "total_time": 26.19004249572754,
      "average_time": 3.2737553119659424
    },
    "3": {
      "total_time": 107367.08092689514,
      "average_time": 28.471779614663255
    },
    "4": {
      "total_time": 72407.85503387451,
      "average_time": 22.2451167538785
    }
  }
}