{
  "total_time": 145200.0072002411,
  "total_average_time": 18.35187148638032,
  "groups": {
    "0": {
      "total_time": 49016.6802406311,
      "average_time": 17.073033869951622
    },
    "1": {
      "total_time": 9872.329235076904,
      "average_time": 19.31962668312506
    },
    "2": {
      "total_time": 86308.997631073,
      "average_time": 19.06538494169936
    },
    "3": {
      "total_time": -0.9982585906982422,
      "average_time": -0.9982585906982422
    },
    "4": {
      "total_time": 2.99835205078125,
      "average_time": 1.499176025390625
    }
  }
}