{
  "total_time": 364055.5372238159,
  "total_average_time": 18.98000819685188,
  "groups": {
    "0": {
      "total_time": 78148.51832389832,
      "average_time": 19.229458248990728
    },
    "1": {
      "total_time": 54844.10572052002,
      "average_time": 16.953355709588877
    },
    "2": {
      "total_time": 21933.268785476685,
      "average_time": 25.444627361341862
    },
    "3": {
      "total_time": 12726.728677749634,
      "average_time": 26.240677686081717
    },
    "4": {
      "total_time": 196402.91571617126,
      "average_time": 18.642896603338517
    }
  }
}