{
  "total_time": 213212.74852752686,
  "total_average_time": 26.785521171799857,
  "groups": {
    "0": {
      "total_time": 57406.63552284241,
      "average_time": 18.323215934517208
    },
    "1": {
      "total_time": 88427.4513721466,
      "average_time": 32.062165109552794
    },
    "2": {
      "total_time": 22157.86647796631,
      "average_time": 33.32009996686663
    },
    "3": {
      "total_time": 20975.822925567627,
      "average_time": 33.03279200876791
    },
    "4": {
      "total_time": 24244.972229003906,
      "average_time": 31.527922274387393
    }
  }
}