{
  "total_time": 267423.65288734436,
  "total_average_time": 20.084390002804682,
  "groups": {
    "0": {
      "total_time": 33366.23430252075,
      "average_time": 24.642713665081796
    },
    "1": {
      "total_time": 144879.2760372162,
      "average_time": 19.554498047943877
    },
    "2": {
      "total_time": 83015.9010887146,
      "average_time": 19.459892425859024
    },
    "3": {
      "total_time": 4045.21107673645,
      "average_time": 19.82946606243358
    },
    "4": {
      "total_time": 2117.030382156372,
      "average_time": 25.817443684833805
    }
  }
}