{
  "total_time": 118049.11851882935,
  "total_average_time": 19.292223977582832,
  "groups": {
    "0": {
      "total_time": 35863.61050605774,
      "average_time": 16.7900798249334
    },
    "1": {
      "total_time": 9120.436429977417,
      "average_time": 16.49265177211106
    },
    "2": {
      "total_time": 51080.20639419556,
      "average_time": 19.852392691098157
    },
    "3": {
      "total_time": 18280.66349029541,
      "average_time": 25.007747592743378
    },
    "4": {
      "total_time": 3704.2016983032227,
      "average_time": 29.398426177009704
    }
  }
}